"","is_coloc"
"rs114440021",FALSE
"rs12589471",FALSE
"rs899223",FALSE
"rs1882013",FALSE
"rs421154",FALSE
"rs4766975",TRUE
"rs6539284",FALSE
"rs6563363",FALSE
"rs74740938",FALSE
"rs7301232",FALSE
"rs9551887",FALSE
"rs1285481",FALSE
"rs11746390",TRUE
"rs211283",FALSE
"rs11633934",FALSE
"rs16919774",TRUE
"rs12524795",TRUE
"rs17021729",FALSE
"rs10180485",FALSE
"rs7924465",FALSE
"rs2055940",FALSE
"rs11942352",FALSE
"rs12142570",TRUE
"rs12974657",FALSE
"rs1866823",FALSE
"rs4741600",FALSE
"rs490535",FALSE
"rs11614957",FALSE
"rs2222760",FALSE
"rs12240387",FALSE
"rs252991",FALSE
"rs1865922",FALSE
"rs8058137",FALSE
"rs1581168",TRUE
"rs660010",FALSE
"rs71433091",FALSE
"rs17763421",FALSE
"rs7632934",FALSE
"rs13332638",FALSE
"rs10752262",TRUE
"rs11158200",FALSE
"rs11847753",FALSE
"rs4588749",FALSE
"rs8072494",FALSE
"rs72906124",FALSE
"rs7027899",FALSE
"rs11191193",FALSE
"rs14184",TRUE
"rs2195041",FALSE
"rs9935637",FALSE
"rs4391653",FALSE
"rs12569163",FALSE
"rs9291074",FALSE
"rs7603132",FALSE
"rs56133711",FALSE
"rs60227577",FALSE
"rs4751360",FALSE
"rs12609965",FALSE
"rs6534704",FALSE
"rs10772644",FALSE
"rs28451864",TRUE
"rs6457796",TRUE
"rs11081529",TRUE
"rs56016333",FALSE
"rs705240",FALSE
"rs12089815",FALSE
"rs4551987",FALSE
"rs4685448",FALSE
"rs13284474",FALSE
"rs10016110",FALSE
"rs56188374",FALSE
"rs59226697",FALSE
"rs2289769",FALSE
"rs11688767",FALSE
"rs41741",FALSE
"rs6044142",FALSE
"rs5759002",FALSE
"rs186034719",FALSE
"rs35565533",FALSE
"rs67829508",FALSE
"rs752806",FALSE
"rs111821073",FALSE
"rs62262312",FALSE
"rs1337731",FALSE
"rs55909821",FALSE
"rs28617748",FALSE
"rs2301015",FALSE
"rs4772268",FALSE
"rs7632819",FALSE
"rs13252156",FALSE
"rs1960779",FALSE
"rs4583487",FALSE
"rs143747834",FALSE
"rs1182532",FALSE
"rs11172371",FALSE
"rs72777062",FALSE
"rs10167909",FALSE
"rs991911",FALSE
"rs118134876",FALSE
"rs496368",FALSE
"rs3800626",FALSE
"rs9374194",TRUE
"rs567775",FALSE
"rs1056010",FALSE
"rs115124024",FALSE
"rs11648089",FALSE
"rs7109373",FALSE
"rs34488670",FALSE
"rs12234936",FALSE
"rs12699131",TRUE
"rs11861256",FALSE
"rs8020023",FALSE
"rs16844417",FALSE
"rs4141463",FALSE
"rs7296742",FALSE
"rs77584294",TRUE
"rs6747129",FALSE
"rs13102803",FALSE
"rs12339610",FALSE
"rs78410329",TRUE
"rs2303907",TRUE
"rs9540920",FALSE
"rs2974337",TRUE
"rs72819955",FALSE
"rs7977614",TRUE
"rs1464018",FALSE
"rs6721505",FALSE
"rs17721326",FALSE
"rs12613500",FALSE
"rs10745307",FALSE
"rs78116078",TRUE
"rs73210523",FALSE
"rs12828220",TRUE
"rs962437",FALSE
"rs4750308",FALSE
"rs4375600",FALSE
"rs6547396",FALSE
"rs2371001",FALSE
"rs561655",FALSE
"rs8028740",FALSE
"rs12201073",FALSE
"rs9372734",FALSE
"rs7788620",FALSE
"rs4846724",FALSE
"rs73141547",FALSE
"rs17266097",TRUE
"rs66488846",FALSE
"rs9382333",FALSE
"rs1585524",FALSE
"rs2503870",FALSE
"rs786244",FALSE
"rs80171383",FALSE
"rs36048136",FALSE
"rs2364972",TRUE
"rs6785141",FALSE
"rs1499955",FALSE
"rs1387148",FALSE
"rs2964252",FALSE
"rs80045785",FALSE
"rs7150195",FALSE
"rs10481106",FALSE
"rs3013170",FALSE
"rs8008880",FALSE
"rs10887465",FALSE
"rs1039617",FALSE
"rs192230289",FALSE
"rs72748123",FALSE
"rs12893970",FALSE
"rs4879832",FALSE
"rs13138842",FALSE
"rs2154209",FALSE
"rs71366589",FALSE
"rs623200",FALSE
"rs9356034",FALSE
"rs6839051",FALSE
"rs11747178",FALSE
"rs751033",FALSE
"rs55640000",FALSE
"rs6779981",FALSE
"rs4812818",TRUE
"rs13212041",FALSE
"rs7302808",FALSE
"rs56409354",FALSE
"rs7009856",FALSE
"rs17787953",FALSE
"rs145481578",TRUE
"rs2498018",FALSE
"rs13159124",FALSE
"rs5021426",FALSE
"rs7032484",FALSE
"rs748832",FALSE
"rs42210",FALSE
"rs1334297",FALSE
"rs6731373",FALSE
"rs1317186",FALSE
"rs1024374",FALSE
"rs10739569",TRUE
"rs28381527",TRUE
"rs348874",FALSE
"rs137121",TRUE
"rs7338804",FALSE
"rs8025575",FALSE
"rs10734924",FALSE
"rs7187692",FALSE
"rs4876775",FALSE
"rs7983020",TRUE
"rs989996",TRUE
"rs4864881",TRUE
"rs56194430",FALSE
"rs586829",FALSE
"rs7762296",FALSE
"rs1605127",FALSE
"rs73117392",FALSE
"rs11925699",FALSE
"rs10815961",FALSE
"rs2639655",FALSE
"rs10874759",TRUE
"rs7469569",FALSE
"rs17881016",TRUE
"rs10819974",FALSE
"rs62079997",FALSE
"rs12616388",FALSE
"rs11019128",FALSE
"rs9317202",FALSE
"rs12055782",FALSE
"rs57349798",FALSE
"rs7312511",FALSE
"rs72674843",FALSE
"rs8017026",TRUE
"rs6534338",FALSE
"rs7099779",FALSE
"rs1820986",FALSE
"rs139872934",FALSE
"rs795540",FALSE
"rs11724690",FALSE
"rs8044562",FALSE
"rs16962221",FALSE
"rs184654",FALSE
"rs2160514",FALSE
"rs424387",FALSE
"rs13010288",FALSE
"rs114468556",FALSE
"rs11176598",FALSE
"rs2610990",TRUE
"rs11159067",TRUE
"rs72915557",FALSE
"rs67171806",FALSE
"rs34719425",FALSE
"rs4390219",FALSE
"rs150121450",FALSE
"rs1156541",FALSE
"rs12362273",FALSE
"rs1392816",FALSE
"rs10193498",FALSE
"rs4718577",FALSE
"rs117005905",FALSE
"rs111922189",FALSE
"rs62367470",FALSE
"rs9537509",FALSE
"rs10887592",FALSE
"rs4869579",FALSE
"rs1125854",FALSE
"rs9635366",TRUE
"rs144241352",FALSE
"rs3863241",FALSE
"rs6020560",FALSE
"rs590013",FALSE
"rs3796432",FALSE
"rs2063569",FALSE
"rs903981",FALSE
"rs1865880",FALSE
"rs56306348",FALSE
"rs10168798",TRUE
"rs7172133",FALSE
"rs2824194",FALSE
"rs4467547",FALSE
"rs356903",FALSE
"rs35414043",FALSE
"rs78462816",FALSE
"rs1483148",FALSE
"rs7027019",FALSE
"rs35375125",FALSE
"rs9871964",FALSE
"rs1438993",FALSE
"rs382196",FALSE
"rs28588750",FALSE
"rs12113634",TRUE
"rs112780312",TRUE
"rs77187837",FALSE
"rs9896379",FALSE
"rs11839131",FALSE
"rs1128687",FALSE
"rs75795256",FALSE
"rs2294605",FALSE
"rs4883624",FALSE
"rs117006647",FALSE
"rs1866710",FALSE
"rs6898748",FALSE
"rs1291865",FALSE
"rs12790564",FALSE
"rs6428152",FALSE
"rs846195",FALSE
"rs7668960",FALSE
"rs72695265",FALSE
"rs795227",FALSE
"rs60814418",TRUE
"rs80049472",FALSE
"rs4818226",FALSE
"rs1689510",FALSE
"rs55972503",FALSE
"rs10732635",FALSE
"rs7430651",FALSE
"rs1278537",FALSE
"rs72625841",FALSE
"rs7254263",FALSE
"rs11772108",FALSE
"rs12897763",FALSE
"rs62365564",FALSE
"rs13317948",FALSE
"rs67033024",TRUE
"rs10785364",TRUE
"rs2631535",FALSE
"rs12150824",FALSE
"rs12540793",FALSE
"rs35413307",FALSE
"rs28510636",FALSE
"rs854943",FALSE
"rs6052670",FALSE
"rs2447091",TRUE
"rs6954262",FALSE
"rs3943933",FALSE
"rs1329125",TRUE
"rs2630767",TRUE
"rs2614463",FALSE
"rs12632133",TRUE
"rs960740",FALSE
"rs80352808",FALSE
"rs4667878",FALSE
"rs6466819",FALSE
"rs17503473",FALSE
"rs9922788",FALSE
"rs76006448",FALSE
"rs6595530",FALSE
"rs10865834",FALSE
"rs12937411",TRUE
"rs2884364",FALSE
"rs34407918",FALSE
"rs303752",TRUE
"rs9496630",FALSE
"rs12155540",FALSE
"rs6776819",FALSE
"rs62114178",TRUE
"rs10458465",FALSE
"rs66671632",FALSE
"rs11664320",TRUE
"rs7356921",FALSE
"rs2026037",FALSE
"rs71622934",FALSE
"rs171697",FALSE
"rs6506372",FALSE
"rs35583726",FALSE
"rs1861786",FALSE
"rs2048318",TRUE
"rs11181124",FALSE
"rs10763979",FALSE
"rs2586235",FALSE
"rs116522430",FALSE
"rs1058790",FALSE
"rs1786313",FALSE
"rs7306755",TRUE
"rs2841425",TRUE
"rs7936656",TRUE
"rs9914251",FALSE
"rs6499084",FALSE
"rs4691601",FALSE
"rs6911986",TRUE
"rs9461242",TRUE
"rs77882218",FALSE
"rs1485272",FALSE
"rs17563464",FALSE
"rs10766450",FALSE
"rs60053512",FALSE
"rs1971218",FALSE
"rs10014934",FALSE
"rs11757278",FALSE
"rs4650228",FALSE
"rs12768641",TRUE
"rs11749500",FALSE
"rs56315928",FALSE
"rs28561815",FALSE
"rs7236339",FALSE
"rs2570492",FALSE
"rs7026972",FALSE
"rs80257979",TRUE
"rs9937449",FALSE
"rs34984805",FALSE
"rs72890842",FALSE
"rs799443",FALSE
"rs17812330",FALSE
"rs9985296",FALSE
"rs9555651",FALSE
"rs7131691",FALSE
"rs4663617",FALSE
"rs3012384",FALSE
"rs1632822",FALSE
"rs10180845",FALSE
"rs2504846",FALSE
"rs115003386",FALSE
"rs76198459",FALSE
"rs474000",FALSE
"rs12658400",FALSE
"rs9859719",FALSE
"rs116173579",FALSE
"rs2430813",FALSE
"rs9930253",FALSE
"rs62172117",FALSE
"rs422247",FALSE
"rs7328289",FALSE
"rs565960",FALSE
"rs113389222",FALSE
"rs1738050",FALSE
"rs6580068",FALSE
"rs7449561",FALSE
"rs7304399",FALSE
"rs13394203",FALSE
"rs9540731",FALSE
"rs1490834",FALSE
"rs792213",FALSE
"rs72698179",TRUE
"rs33002",FALSE
"rs11571404",FALSE
"rs61964892",FALSE
"rs6801153",FALSE
"rs141503359",FALSE
"rs2209625",TRUE
"rs2174752",FALSE
"rs35319653",FALSE
"rs73055556",FALSE
"rs2901785",FALSE
"rs3869097",TRUE
"rs4805761",FALSE
"rs6545559",FALSE
"rs2210174",FALSE
"rs1980099",FALSE
"rs4076457",FALSE
"rs4679353",FALSE
"rs6502670",FALSE
"rs11634241",FALSE
"rs72778512",FALSE
"rs4409028",FALSE
"rs1461224",FALSE
"rs12506222",FALSE
"rs1835388",FALSE
"rs5765717",FALSE
"rs9452262",FALSE
"rs165633",FALSE
"rs224663",FALSE
"rs66977236",FALSE
"rs1483814",FALSE
"rs6093705",FALSE
"rs10240905",FALSE
"rs837080",FALSE
"rs6761772",FALSE
"rs485169",FALSE
"rs12807135",FALSE
"rs4788080",TRUE
"rs115844726",FALSE
"rs9388490",TRUE
"rs10860124",FALSE
"rs10202640",FALSE
"rs10867548",FALSE
"rs35578235",FALSE
"rs7240432",FALSE
"rs6440854",FALSE
"rs72717150",FALSE
"rs1880692",FALSE
"rs3783006",FALSE
"rs181164682",TRUE
"rs2275154",FALSE
"rs11995853",FALSE
"rs2239736",FALSE
"rs11883202",FALSE
"rs1295330",TRUE
"rs7280000",FALSE
"rs17088142",FALSE
"rs17649841",FALSE
"rs74677779",FALSE
"rs9652254",FALSE
"rs6704768",TRUE
"rs4557236",TRUE
"rs11028323",FALSE
"rs17224289",TRUE
"rs6960056",FALSE
"rs10487992",FALSE
"rs7979979",FALSE
"rs4726070",FALSE
"rs10186870",FALSE
"rs17565975",FALSE
"rs2900223",FALSE
"rs2214631",FALSE
"rs11773992",FALSE
"rs1167796",TRUE
"rs17096452",TRUE
"rs1879310",FALSE
"rs34316",FALSE
"rs63303162",FALSE
"rs378342",FALSE
"rs76076331",FALSE
"rs10256396",FALSE
"rs12151015",FALSE
"rs2916490",FALSE
"rs62086577",TRUE
"rs10895719",TRUE
"rs77899607",FALSE
"rs1884368",FALSE
"rs13244634",FALSE
"rs34982116",FALSE
"rs6704241",FALSE
"rs2304282",FALSE
"rs7039819",FALSE
"rs1455350",FALSE
"rs45470193",FALSE
"rs10496632",FALSE
"rs11138947",FALSE
"rs4989480",FALSE
"rs72838750",FALSE
"rs2726599",FALSE
"rs4911257",TRUE
"rs12962980",TRUE
"rs35115233",FALSE
"rs10765789",TRUE
"rs4869852",FALSE
"rs2352430",FALSE
"rs61160187",TRUE
"rs1407350",FALSE
"rs73050466",FALSE
"rs1007429",FALSE
"rs6930903",FALSE
"rs9943186",FALSE
"rs35414759",TRUE
"rs117494884",FALSE
"rs2425269",FALSE
"rs17669337",FALSE
"rs1452366",FALSE
"rs10809464",FALSE
"rs11783586",FALSE
"rs12893007",TRUE
"rs72672601",FALSE
"rs4270952",FALSE
"rs1378893",TRUE
"rs60307735",FALSE
"rs112013330",FALSE
"rs13135092",FALSE
"rs838069",FALSE
"rs4850810",FALSE
"rs34305371",FALSE
"rs72835464",FALSE
"rs1966503",FALSE
"rs74779721",FALSE
"rs3942629",FALSE
"rs12126231",TRUE
"rs35951883",TRUE
"rs28438078",FALSE
"rs55975662",FALSE
"rs1871745",FALSE
"rs11264531",FALSE
"rs79708660",TRUE
"rs1516036",FALSE
"rs2216053",FALSE
"rs77128898",FALSE
"rs11714574",FALSE
"rs13122283",FALSE
"rs4127499",FALSE
"rs860526",TRUE
"rs12431579",FALSE
"rs58694847",FALSE
"rs6782698",FALSE
"rs6715321",FALSE
"rs56355837",FALSE
"rs72993796",FALSE
"rs10063055",TRUE
"rs62199988",FALSE
"rs669952",FALSE
"rs708912",TRUE
"rs77926719",TRUE
"rs72725852",FALSE
"rs72829857",FALSE
"rs10853981",FALSE
"rs10740572",FALSE
"rs2624841",FALSE
"rs11643516",FALSE
"rs633742",TRUE
"rs7933521",FALSE
"rs1128956",TRUE
"rs7520927",FALSE
"rs11157931",TRUE
"rs117520198",FALSE
"rs10835389",FALSE
"rs6028084",FALSE
"rs7515450",TRUE
"rs2006853",FALSE
"rs116068530",FALSE
"rs213014",FALSE
"rs62244884",FALSE
"rs13161488",FALSE
"rs3731507",TRUE
"rs13030436",FALSE
"rs61827266",FALSE
"rs35226705",FALSE
"rs7040995",TRUE
"rs2238483",FALSE
"rs329120",TRUE
"rs4279337",FALSE
"rs112255786",FALSE
"rs35512022",FALSE
"rs62156740",FALSE
"rs9787076",TRUE
"rs912609",FALSE
"rs9359939",FALSE
"rs3747631",FALSE
"rs9411336",FALSE
"rs4882141",FALSE
"rs975303",TRUE
"rs117520996",FALSE
"rs1888765",FALSE
"rs76878669",TRUE
"rs872602",FALSE
"rs67040074",FALSE
"rs17248751",FALSE
"rs148434125",FALSE
"rs2836554",FALSE
"rs2764684",FALSE
"rs28458909",FALSE
"rs12132113",FALSE
"rs6088618",TRUE
"rs10283803",FALSE
"rs7151326",FALSE
"rs8110747",TRUE
"rs2297293",FALSE
"rs56378598",TRUE
"rs13278836",FALSE
"rs9899056",TRUE
"rs273028",FALSE
"rs7650602",FALSE
"rs78280128",FALSE
"rs12981405",FALSE
"rs55897719",FALSE
"rs3108680",TRUE
"rs2535692",FALSE
"rs717997",FALSE
"rs10189857",FALSE
"rs35733856",FALSE
"rs2903624",FALSE
"rs62543169",FALSE
"rs11245450",TRUE
"rs7626224",FALSE
"rs2302580",FALSE
"rs16934385",FALSE
"rs6956241",TRUE
"rs192436652",FALSE
"rs12435895",FALSE
"rs853199",TRUE
"rs7834862",FALSE
"rs7395835",FALSE
"rs4358081",TRUE
"rs12273435",FALSE
"rs57249366",FALSE
"rs28360553",FALSE
"rs10748559",FALSE
"rs11218422",FALSE
"rs4716528",FALSE
"rs17126938",FALSE
"rs28366987",FALSE
"rs4557790",FALSE
"rs75624576",FALSE
"rs61747226",FALSE
"rs6929638",FALSE
"rs56059718",FALSE
"rs11774212",TRUE
"rs10401329",TRUE
"rs9956721",FALSE
"rs837129",FALSE
"rs34410",FALSE
"rs4798783",TRUE
"rs17257579",FALSE
"rs863006",FALSE
"rs72799731",FALSE
"rs489408",TRUE
"rs12709690",FALSE
"rs11196397",FALSE
"rs72801843",FALSE
"rs75907840",FALSE
"rs952062",FALSE
"rs7097348",FALSE
"rs2668196",FALSE
"rs73134986",TRUE
"rs28807201",FALSE
"rs7184863",FALSE
"rs738988",FALSE
"rs79585412",TRUE
"rs6713695",FALSE
"rs62439683",FALSE
"rs149285517",FALSE
"rs59903549",FALSE
"rs34743418",FALSE
"rs16983844",TRUE
"rs12104029",FALSE
"rs1258276",FALSE
"rs1043595",FALSE
"rs57985238",FALSE
"rs7578247",FALSE
"rs73219806",FALSE
"rs10929474",TRUE
"rs7924036",FALSE
"rs6907381",FALSE
"rs12764593",FALSE
"rs2013717",FALSE
"rs1193240",FALSE
"rs336433",FALSE
"rs3095075",FALSE
"rs62247449",FALSE
"rs2177083",FALSE
"rs13133213",FALSE
"rs3098650",FALSE
"rs10507085",FALSE
"rs2765873",FALSE
"rs28439552",FALSE
"rs884308",FALSE
"rs72790254",FALSE
"rs10192369",FALSE
"rs2558096",FALSE
"rs11096472",FALSE
"rs907681",FALSE
"rs4485754",FALSE
"rs7652296",FALSE
"rs6535809",FALSE
"rs17488534",FALSE
"rs7445309",FALSE
"rs36033",TRUE
"rs6860963",FALSE
"rs72816293",FALSE
"rs10806984",FALSE
"rs3823036",FALSE
"rs12190777",FALSE
"rs287879",FALSE
"rs1009950",FALSE
"rs10906900",FALSE
"rs7068573",FALSE
"rs2799399",FALSE
"rs1149577",FALSE
"rs148250616",FALSE
"rs8025964",TRUE
"rs1369429",FALSE
"rs4969374",TRUE
"rs6565590",TRUE
"rs7251275",FALSE
"rs6019535",TRUE
"rs6010786",FALSE
